<?xml version="1.0" encoding="utf-8"?>
<layer-list xmlns:android="http://schemas.android.com/apk/res/android">
    <item android:gravity="center">
        <shape android:shape="oval">
            <!--<solid android:color="#d4d4d4" />-->
            <size
                android:width="40dp"
                android:height="40dp" />
        </shape>
    </item>
    <item android:gravity="center">
        <shape android:shape="oval">
            <solid android:color="#d4d4d4" />
            <size
                android:width="20dp"
                android:height="20dp" />
        </shape>
    </item>
</layer-list>