<?xml version="1.0" encoding="UTF-8"?>
<shape xmlns:android="http://schemas.android.com/apk/res/android"
    android:shape="rectangle" >

    <!-- 填充的颜色 -->
    <solid android:color="@drawable/white" />

	<item>
	    <shape>
	        <solid android:color="@drawable/clickWord" />
	    </shape>
	</item>
	<!-- 主体背景颜色值 -->
	<item
	    android:bottom="1dp"
	    android:top="1dp">
	    <shape>
	        <solid android:color="#ffffff" />
	    </shape>
	</item>

</shape>