<?xml version="1.0" encoding="utf-8"?>
<layer-list xmlns:android="http://schemas.android.com/apk/res/android">
    <item>
        <shape android:shape="rectangle">
            <stroke
                android:width="0.75dp"
                android:color="@color/new_gray" />
            <solid android:color="@color/new_backgroud" />

        </shape>
    </item>
    <item
        android:bottom="0.75dp"
        android:right="0.75dp">
        <shape android:shape="rectangle">
            <solid android:color="@color/new_backgroud" />
        </shape>
    </item>
    <item android:bottom="0.75dp">
        <shape android:shape="rectangle">
            <solid android:color="@color/new_backgroud" />
        </shape>
    </item>
</layer-list>