<?xml version="1.0" encoding="utf-8"?>
<layer-list xmlns:android="http://schemas.android.com/apk/res/android">
    <item android:gravity="center">
        <shape android:shape="oval">
            <!--<solid android:color="#d4d4d4" />-->
            <size
                android:width="60dp"
                android:height="60dp" />
        </shape>
    </item>
    <item android:gravity="center">
        <shape android:shape="oval">
            <solid android:color="#d4d4d4" />
            <size
                android:width="30dp"
                android:height="30dp" />
        </shape>
    </item>
</layer-list>